{
  "__type__": "cc.SpriteFrame",
  "content": {
    "name": "sheeptitle",
    "atlas": "",
    "rect": {
      "x": 56,
      "y": 78,
      "width": 1701,
      "height": 1329
    },
    "offset": {
      "x": 0,
      "y": 0.5
    },
    "originalSize": {
      "width": 1813,
      "height": 1486
    },
    "rotated": false,
    "capInsets": [
      0,
      0,
      0,
      0
    ],
    "vertices": {
      "rawPosition": [
        -850.5,
        -664.5,
        0,
        850.5,
        -664.5,
        0,
        -850.5,
        664.5,
        0,
        850.5,
        664.5,
        0
      ],
      "indexes": [
        0,
        1,
        2,
        2,
        1,
        3
      ],
      "uv": [
        56,
        1408,
        1757,
        1408,
        56,
        79,
        1757,
        79
      ],
      "nuv": [
        0.03088803088803089,
        0.0531628532974428,
        0.9691119691119691,
        0.0531628532974428,
        0.03088803088803089,
        0.9475100942126514,
        0.9691119691119691,
        0.9475100942126514
      ],
      "minPos": {
        "x": -850.5,
        "y": -664.5,
        "z": 0
      },
      "maxPos": {
        "x": 850.5,
        "y": 664.5,
        "z": 0
      }
    },
    "texture": "a66726f4-f780-4d1d-b776-00cce3b6c51d@6c48a",
    "packable": true,
    "pixelsToUnit": 100,
    "pivot": {
      "x": 0.5,
      "y": 0.5
    },
    "meshType": 0
  }
}