{
  "__type__": "cc.SpriteFrame",
  "content": {
    "name": "flowerpot",
    "atlas": "",
    "rect": {
      "x": 3,
      "y": 0,
      "width": 194,
      "height": 167
    },
    "offset": {
      "x": 0,
      "y": 0.5
    },
    "originalSize": {
      "width": 200,
      "height": 168
    },
    "rotated": false,
    "capInsets": [
      0,
      0,
      0,
      0
    ],
    "vertices": {
      "rawPosition": [
        -97,
        -83.5,
        0,
        97,
        -83.5,
        0,
        -97,
        83.5,
        0,
        97,
        83.5,
        0
      ],
      "indexes": [
        0,
        1,
        2,
        2,
        1,
        3
      ],
      "uv": [
        3,
        168,
        197,
        168,
        3,
        1,
        197,
        1
      ],
      "nuv": [
        0.015,
        0.005952380952380952,
        0.985,
        0.005952380952380952,
        0.015,
        1,
        0.985,
        1
      ],
      "minPos": {
        "x": -97,
        "y": -83.5,
        "z": 0
      },
      "maxPos": {
        "x": 97,
        "y": 83.5,
        "z": 0
      }
    },
    "texture": "086ae869-c46a-4be5-87b9-e3ac74ef9c8b@6c48a",
    "packable": true,
    "pixelsToUnit": 100,
    "pivot": {
      "x": 0.5,
      "y": 0.5
    },
    "meshType": 0
  }
}