{
  "gizmos-infos": {
    "is2D": true,
    "is3DIcon": false,
    "iconSize": 2,
    "gridVisible": true,
    "originAxis2D": {
      "x_visible": true,
      "y_visible": true,
      "z_visible": false
    },
    "originAxis3D": {
      "x_visible": true,
      "y_visible": false,
      "z_visible": true
    },
    "gridColor": [
      177,
      174,
      174,
      255
    ],
    "transformToolName": "position",
    "pivot": "pivot",
    "coordinate": "local",
    "toolsVisibility3d": true
  },
  "__version__": "1.0.3",
  "builder": {},
  "snap-configs": {
    "position": {
      "x": 1,
      "y": 1,
      "z": 1
    },
    "rotation": 1,
    "scale": 1,
    "isPositionSnapEnabled": false,
    "isRotationSnapEnabled": false,
    "isScaleSnapEnabled": false
  },
  "rect-snap-configs": {
    "enableSnapping": true,
    "snapThreshold": 4
  },
  "float-window": {
    "position": {
      "cc": {
        "Camera": {
          "dock": false,
          "top": null,
          "bottom": 10,
          "left": null,
          "right": 10
        }
      }
    }
  },
  "camera-infos": {
    "ea97d6fd-4bad-4bba-8108-546f11bf1397": {
      "position": {
        "x": 641.75590410947,
        "y": 360.00000000000006,
        "z": 5000
      },
      "rotation": {
        "x": 0,
        "y": 0,
        "z": 0,
        "w": 1
      },
      "viewCenter": {
        "x": 0,
        "y": 0,
        "z": 0
      },
      "contentRect": {
        "x": 355.44513763168874,
        "y": 216.8446167611094,
        "width": 958,
        "height": 652
      },
      "scale": 0.5239062499999997
    },
    "e3af3e41-1357-4a9d-941a-dbdb8b935004": {
      "position": {
        "x": 415.88154096355606,
        "y": 646.3951716677818,
        "z": 5000
      },
      "rotation": {
        "x": 0,
        "y": 0,
        "z": 0,
        "w": 1
      },
      "viewCenter": {
        "x": 3.253722575798861,
        "y": -2.5981785267392823,
        "z": 2.5072096406271553
      },
      "contentRect": {
        "x": -780.0191248841894,
        "y": -167.51634621607,
        "width": 300,
        "height": 150
      },
      "scale": 0.4005349387948106
    },
    "167d0735-60aa-41a5-a61f-2fcedbc6b8da": {
      "position": {
        "x": 405,
        "y": 639.9999999999999,
        "z": 5000
      },
      "rotation": {
        "x": 0,
        "y": 0,
        "z": 0,
        "w": 1
      },
      "viewCenter": {
        "x": 3.253722575798861,
        "y": -2.5981785267392823,
        "z": 2.5072096406271553
      },
      "contentRect": {
        "x": 310,
        "y": 590,
        "width": 670.6,
        "height": 352.94736842105266
      },
      "scale": 3.5294736842105263
    },
    "84618089-f930-4980-8f76-bb5a3e73663b": {
      "position": {
        "x": 482.4137500944413,
        "y": 588.6145320307819,
        "z": 5000
      },
      "rotation": {
        "x": 0,
        "y": 0,
        "z": 0,
        "w": 1
      },
      "viewCenter": {
        "x": 3.253722575798861,
        "y": -2.5981785267392823,
        "z": 2.5072096406271553
      },
      "contentRect": {
        "x": -719.8722606367454,
        "y": -271.0576155170916,
        "width": 958,
        "height": 685
      },
      "scale": 0.3984076964421216
    },
    "3efa397d-2950-4c10-a7c9-9f7aeff39bc0": {
      "position": {
        "x": 360,
        "y": 640,
        "z": 5000
      },
      "rotation": {
        "x": 0,
        "y": 0,
        "z": 0,
        "w": 1
      },
      "viewCenter": {
        "x": 3.253722575798861,
        "y": -2.5981785267392823,
        "z": 2.5072096406271553
      },
      "contentRect": {
        "x": 0,
        "y": 0,
        "width": 269.71875,
        "height": 479.5
      },
      "scale": 0.374609375
    },
    "e7bd6779-fdd1-4749-ac4c-474ffcdc675b": {
      "position": {
        "x": 359.29824561403495,
        "y": 639.9999999999999,
        "z": 5000
      },
      "rotation": {
        "x": 0,
        "y": 0,
        "z": 0,
        "w": 1
      },
      "viewCenter": {
        "x": 0,
        "y": 0,
        "z": 0
      },
      "contentRect": {
        "x": 0,
        "y": 0,
        "width": 246.39999999999995,
        "height": 438.9
      },
      "scale": 0.342890625
    },
    "7b64c21a-25a1-4622-8b88-fa303738afd8": {
      "position": {
        "x": 383.6490898836655,
        "y": 659.1248047991936,
        "z": 5000
      },
      "rotation": {
        "x": 0,
        "y": 0,
        "z": 0,
        "w": 1
      },
      "viewCenter": {
        "x": 0,
        "y": 0,
        "z": 0
      },
      "contentRect": {
        "x": 15.190218309158746,
        "y": 474.8953690119402,
        "width": 958,
        "height": 685
      },
      "scale": 0.40710106764159754
    },
    "2185cd95-e781-4997-8a92-b98e759304fb": {
      "position": {
        "x": 374.9999999999999,
        "y": 667,
        "z": 5000
      },
      "rotation": {
        "x": 0,
        "y": 0,
        "z": 0,
        "w": 1
      },
      "viewCenter": {
        "x": 0,
        "y": 0,
        "z": 0
      },
      "contentRect": {
        "x": -898.1340904562663,
        "y": -257.9491930663479,
        "width": 958,
        "height": 717
      },
      "scale": 0.37623688155922036
    },
    "14048abf-3868-4dc9-a414-6a4ee6394b12": {
      "position": {
        "x": 0,
        "y": 0,
        "z": 5000
      },
      "rotation": {
        "x": 0,
        "y": 0,
        "z": 0,
        "w": 1
      },
      "viewCenter": {
        "x": 0,
        "y": 0,
        "z": 0
      },
      "contentRect": {
        "x": 0,
        "y": 0,
        "width": 0,
        "height": 0
      },
      "scale": 1
    },
    "d90b8c56-0c2c-4ff6-8046-29fd338ac272": {
      "position": {
        "x": 0,
        "y": 0,
        "z": 5000
      },
      "rotation": {
        "x": 0,
        "y": 0,
        "z": 0,
        "w": 1
      },
      "viewCenter": {
        "x": 0,
        "y": 0,
        "z": 0
      },
      "contentRect": {
        "x": 0,
        "y": 0,
        "width": 0,
        "height": 0
      },
      "scale": 1
    },
    "6c6315ce-0d3a-4f40-b29f-54f3af128e27": {
      "position": {
        "x": 374.9999999999999,
        "y": 667,
        "z": 5000
      },
      "rotation": {
        "x": 0,
        "y": 0,
        "z": 0,
        "w": 1
      },
      "viewCenter": {
        "x": 0,
        "y": 0,
        "z": 0
      },
      "contentRect": {
        "x": 0,
        "y": 0,
        "width": 958,
        "height": 717
      },
      "scale": 0.37623688155922036
    },
    "806478cc-d670-4a66-a8ca-d38e23e41d9e": {
      "position": {
        "x": 374.9999999999999,
        "y": 667,
        "z": 5000
      },
      "rotation": {
        "x": 0,
        "y": 0,
        "z": 0,
        "w": 1
      },
      "viewCenter": {
        "x": 0,
        "y": 0,
        "z": 0
      },
      "contentRect": {
        "x": -898.1340904562663,
        "y": -283.1992428770672,
        "width": 958,
        "height": 717
      },
      "scale": 0.37623688155922036
    },
    "89738cac-1ea9-45c9-ac68-75ea484cd58e": {
      "position": {
        "x": 331.9832434999621,
        "y": 526.9332440791444,
        "z": 5000
      },
      "rotation": {
        "x": 0,
        "y": 0,
        "z": 0,
        "w": 1
      },
      "viewCenter": {
        "x": 0,
        "y": 0,
        "z": 0
      },
      "contentRect": {
        "x": -1443.7124655786997,
        "y": -802.0582208575994,
        "width": 958,
        "height": 717
      },
      "scale": 0.2697534254044766
    },
    "c0cd19b3-7a1a-4e8e-b82a-532a25da8a6d": {
      "position": {
        "x": 375,
        "y": 667,
        "z": 5000
      },
      "rotation": {
        "x": 0,
        "y": 0,
        "z": 0,
        "w": 1
      },
      "viewCenter": {
        "x": 0,
        "y": 0,
        "z": 0
      },
      "contentRect": {
        "x": 0,
        "y": 0,
        "width": 282.1776611694153,
        "height": 501.9
      },